{"eval/runtime":35.2888,"_wandb":{"runtime":1894},"train/learning_rate":1.7000000000000003e-05,"_timestamp":1.7468096289198637e+09,"_runtime":1238.5827348,"train/grad_norm":12.993452072143555,"eval/loss":0.29221680760383606,"eval/f1":0.8878923766816144,"eval/accuracy":0.875,"train/epoch":2,"train/global_step":100,"train/loss":0.5179,"eval/samples_per_second":5.668,"_step":5,"eval/steps_per_second":0.368}