{"eval_runtime":32.4589,"train/epoch":3,"_runtime":1756.3556311,"eval_steps_per_second":0.401,"eval_loss":0.2864747941493988,"eval/samples_per_second":6.162,"_wandb":{"runtime":1756},"eval/steps_per_second":0.401,"eval/accuracy":0.91,"_step":12,"train/learning_rate":1.7000000000000003e-05,"epoch":3,"train/grad_norm":7.500698089599609,"train_steps_per_second":0.087,"train_runtime":1715.0599,"train_samples_per_second":1.399,"train/global_step":150,"eval/runtime":32.4589,"eval/f1":0.9181818181818182,"eval_f1":0.9181818181818182,"eval_accuracy":0.91,"_timestamp":1.7468004705242383e+09,"eval/loss":0.2864747941493988,"eval_samples_per_second":6.162,"train/loss":0.3458,"total_flos":1.57866633216e+14,"train_loss":0.2567787186304728,"chunk":1}