{"train_samples_per_second":0.867,"train_steps_per_second":0.054,"eval/loss":0.46487531065940857,"total_flos":1.57866633216e+14,"_step":9,"eval/f1":0.8691099476439791,"train_runtime":2768.3202,"_wandb":{"runtime":2769},"_timestamp":1.7470642487268226e+09,"eval/accuracy":0.875,"_runtime":2768.3110997,"train/global_step":150,"train/loss":0.2601,"train_loss":0.18789951324462892,"eval/steps_per_second":0.178,"train/grad_norm":7.444806098937988,"train/learning_rate":1.6666666666666667e-05,"train/epoch":3,"eval/runtime":72.8612,"eval/samples_per_second":2.745}