{"train_runtime":3814.5215,"_timestamp":1.7470614658870568e+09,"total_flos":1.57866633216e+14,"train_samples_per_second":0.629,"train/epoch":3,"train/grad_norm":9.592928886413574,"eval/accuracy":0.91,"_wandb":{"runtime":3873},"chunk":1,"eval_samples_per_second":3.827,"eval_steps_per_second":0.249,"_runtime":3872.3836502,"epoch":3,"_step":12,"eval/runtime":52.2603,"train/loss":0.4108,"eval/steps_per_second":0.249,"eval/f1":0.9166666666666666,"eval_accuracy":0.91,"train_steps_per_second":0.039,"train_loss":0.2977072604497274,"eval/loss":0.2948746383190155,"train/global_step":150,"train/learning_rate":1.6666666666666667e-05,"eval_loss":0.2948746383190155,"eval_f1":0.9166666666666666,"eval/samples_per_second":3.827,"eval_runtime":52.2603}